Temperature;Trapezoidal;Simpson;
300;2.34898e+029;2.39687e+029;
800;8.18539e+028;9.20049e+028;
