Temperature;Trapezoidal;Simpson;
300;2.34898e+029;2.39687e+029;
34800;1.92586e+028;1.94694e+028;
