T, K;Rate, 1/(s*m^3);
300;2.34899e+029
34800;1.93136e+028
