T, K;Rate, 1/(s*m^3);
300;2.34899e+031
34800;1.93146e+030
